date,title,summary,source,category,url,countries,topics,uid
2026-03-31,The Real War for Iran’s Future,Who will determine the fate of the Islamic Republic?,Foreign Affairs,foreign_policy,https://www.foreignaffairs.com/iran/real-war-irans-future,iran,,339f739e7cd0
2026-03-31,Is Cuba next?,"An oil blockade has brought Cuba to its knees, but coercion alone can’t produce the stable transition the US claims to want.",Lowy Institute,policy,https://www.lowyinstitute.org/the-interpreter/cuba-next,,energy,857648e85125
2026-03-31,Why the US Navy won't blast the Iranians and 'open' Strait of Hormuz,"American taxpayers could be forgiven if recent events have left them wondering why the largest and most expensive Navy in the world is sitting well outside the Strait of Hormuz, watching powerlessly as the Iranians decide which ships they will allow to transit the waterway.   After all, they must wonder, why can’t the Navy simply blast the Iranians away and re-open the strait, sending life and the global economy back to normal?  Alas, the days of omnipotent U.S. sea power as a power projection i",Responsible Statecraft,security,https://responsiblestatecraft.org/iran-strait-of-hormuz/,"usa,iran",economy,abe8c3023ec6
2026-03-31,BRICS promised a new world order. The Iran war shows it can’t deliver,The Iran conflict has again shown unity isn’t a strong suit for the grouping.,Lowy Institute,policy,https://www.lowyinstitute.org/the-interpreter/brics-promised-new-world-order-iran-war-shows-it-can-t-deliver,iran,,316a31cc490e
2026-03-31,"Vastly dependent on imports, Africans scramble amid oil crisis","The global energy crunch caused by the   American-Israeli war on Iran   is severely impacting Africa’s ability to access affordable fuel, leading governments to scramble for new sources of energy.   Years of underinvestment by African governments in refining equipment and other infrastructure necessary to refine oil and gas has left much of Africa unable to produce enough domestic energy to dampen the effects of rising global energy prices.  In 2023 — the last year with full data from the Intern",Responsible Statecraft,security,https://responsiblestatecraft.org/africa-iran-war/,"usa,iran,israel,iraq","trade,energy,terrorism",6ab27cca6a50
2026-03-31,The Cost of Hesitation: Why “Finishing the Mission” is Imperative in Iran,"Editor&#8217;s Note: War on the Rocks is running &#8220;for&#8221; and &#8220;against&#8221; articles on the war with Iran by legislators with military backgrounds. You can find the other article here.The view from a C-130 during a combat mission in the Middle East provides clarity that is often lost in the sanitized briefing rooms of Washington. As an Air Force medical crew director, I have looked into the eyes of young servicemembers being medevacked out of theater, and I lived through what de",War on the Rocks,security,https://warontherocks.com/2026/03/the-cost-of-hesitation-why-finishing-the-mission-is-imperative-in-iran/,"usa,iran",military,d73ef1c19feb
2026-03-31,The Trump Administration Had No Plan for the War with Iran,"Editor&#8217;s Note: War on the Rocks is running &#8220;for&#8221; and &#8220;against&#8221; articles on the war with Iran by legislators with military backgrounds. You can find the other article here.21 years ago, I was a Marine infantryman in Anbar province, western Iraq, carrying so much gear that I could barely feel my legs. My job was to go town to town, search houses, and try to stop insurgents before they stopped us. Every day, someone was trying to kill us &#8212; improvised explosive de",War on the Rocks,security,https://warontherocks.com/2026/03/the-trump-administration-had-no-plan-for-the-war-with-iran/,"china,usa,iran,iraq",military,fddda7103a25
2026-03-31,The U.S. Military Risks Letting Contractors Define How It Sees the Battlefield,"In the 1964 black comedy Dr. Strangelove, an emergency war plan called &#8220;Plan R&#8221; allows an unhinged U.S. Air Force commander, Jack Ripper, to launch a nuclear strike without presidential authorization. Once the president, the joint chiefs, and the Soviet ambassador convene in the war room, the bombers are already airborne. Only Ripper knows the three-letter prefix needed to recall them, until his aide, Lionel Mandrake, reconstructs it from Ripper&#8217;s notes. Although nearly all pla",War on the Rocks,security,https://warontherocks.com/2026/03/the-u-s-military-risks-letting-contractors-define-how-it-sees-the-battlefield/,china,"military,nuclear",82d28b08f2a1
2026-03-31,The Iran War Comes to Iraq,Baghdad slides into a conflict it long wanted to escape.,Foreign Affairs,foreign_policy,https://www.foreignaffairs.com/united-states/iran-war-comes-iraq,"iran,iraq",,4401b0cebff2
2026-03-31,Beijing hold’em: European cards against Chinese coercion,"Europe has a China problem and pretending otherwise is making it worse. Chinese cheap exports and a monopoly on rare earths are not just economic irritants, but leverage wielded deliberately. Europeans can no longer just de-risk. They need a deterrence strategy with teeth",ECFR,policy,https://ecfr.eu/publication/beijing-holdem-european-cards-against-chinese-coercion/,china,"trade,economy",dd248aa42b97
2026-03-31,India Says 28 Oil and Gas Ships Are Stranded Near the Strait of Hormuz,"At least 28 ships, including vessels carrying crude oil, liquefied petroleum gas (LPG), and LNG supplies to India, are currently stranded near the Strait of Hormuz, the Indian government has confirmed. The vessels include at least 10 foreign-flagged cargoes with supplies to India and 18 India-flagged ships, including those carrying energy products, according to Rajesh Kumar Sinha, Special Secretary in the Ministry of Ports, Shipping and Waterways. The stranded foreign-flagged vessels include fou",OilPrice.com,energy,https://oilprice.com/Latest-Energy-News/World-News/India-Says-28-Oil-and-Gas-Ships-Are-Stranded-Near-the-Strait-of-Hormuz.html,india,energy,dcdb6fd0a76b
2026-03-31,Contractors delivering F-35s with no radars and unfit for combat,"Just when the U.S. military could use reliable machinery for its hot war on Iran, defense contractors plan to send it   radarless F-35s   that are unfit for combat.  Breaking Defense reported   late last week   that the military will start accepting F-35s without radars starting this fall.   Defense Daily   reported last month that some F-35s have   already been   delivered without them, but the F-35 Joint Program office   denied   this.  The problem stems from Northrop Grumman’s   delays   in p",Responsible Statecraft,security,https://responsiblestatecraft.org/f35-radar/,"china,iran",military,61a35faac4b0
2026-03-31,U.S. Gas Prices Top $4 as Middle East Conflict Disrupts Supply,"The national average price for gasoline in the United States passed the $4 per gallon mark on Monday as the conflict in the Middle East continues to escalate. Later in the day, prices retreated slightly, to stand at $3.950 per gallon, according to GasBuddy, and $3.990 per gallon, according to AAA. “Gasoline and diesel prices continue to climb to multi-year highs as the effective closure of the Strait of Hormuz curtails the flow of millions of barrels of crude oil each day,” GasBuddy’s head of pe",OilPrice.com,energy,https://oilprice.com/Latest-Energy-News/World-News/US-Gas-Prices-Top-4-as-Middle-East-Conflict-Disrupts-Supply.html,usa,energy,61ab9c60833e
2026-03-31,Iraq’s Uniquely Fraught Position in the Iran War,Its northern Kurdistan Region is being hit by both sides.,Foreign Policy,foreign_policy,https://foreignpolicy.com/2026/03/31/iraq-iran-war-kurdistan/,"iran,iraq",,18b0b534807a
2026-03-31,Iranian Drone Sets Kuwaiti Oil Tanker on Fire,"An Iranian drone reportedly hit a Kuwaiti oil tanker anchored at Dubai port, setting the vessel on fire, media reported earlier today, adding in later updates that the fire has been brought under control, per statements by the Dubai authorities, cited by Reuters. The very large crude carrier Al Salmi, with a capacity to hold 2 million barrels of oil, was fully laden at the time of the attack, the Kuwait Petroleum Corporation said earlier today, as quoted by Gulf News. The drone attack had caused",OilPrice.com,energy,https://oilprice.com/Latest-Energy-News/World-News/Iranian-Drone-Sets-Kuwaiti-Oil-Tanker-on-Fire.html,iran,energy,bf4db36e02e9
2026-03-31,How Geopolitics Overran Globalization,The end of the dream of economic integration.,Foreign Affairs,foreign_policy,https://www.foreignaffairs.com/united-states/how-geopolitics-overran-globalization,,economy,899b911902a9
2026-03-31,How A Magnet Shortage Could Bring The $10 Trillion Tech Sector to a Halt,"REalloys (NASDAQ: ALOY) is assembling the only non-Chinese supply chain for a component powering nearly everything the modern economy runs on — but one that almost nobody outside the industry pays attention to. A single F-35 carries roughly 435 kilograms of these materials. MRI machines need them to power today's medical imaging. They’re in the guidance systems on missiles, the haptic feedback in your phone, the motors inside surgical robots, and the cooling systems that keep data centers runnin",OilPrice.com,energy,https://oilprice.com/Energy/Energy-General/How-A-Magnet-Shortage-Could-Bring-The-10-Trillion-Tech-Sector-to-a-Halt.html,china,"military,trade,economy",59b31f5a901d
2026-03-31,Chevron Reports “Extensive Damage” at Major LNG Project,"Chevron’s Wheatstone LNG plant offshore Australia has suffered “extensive damage” from a cyclone that recently passed through Australia. The two liquefaction trains at the facility remain shut, Reuters quoted Chevron’s Australian director of operations and maintenance as saying. “We have a number of fin fans or air-cooled heat exchangers that sustained some damage,” Danny Woodall said at an industry event in Sydney. “We've got a dedicated team right now that is ‌working on getting those repaired",OilPrice.com,energy,https://oilprice.com/Latest-Energy-News/World-News/Chevron-Reports-Extensive-Damage-at-Major-LNG-Project.html,china,"energy,commodities",c173c7a872cd
2026-03-31,Southeast Asia’s Energy Emergency Begins,The Philippines has seen one of the world’s sharpest increase in petrol prices.,Foreign Policy,foreign_policy,https://foreignpolicy.com/2026/03/31/southeast-asias-energy-emergency-begins/,,energy,2a5590153fd4
2026-03-30,Powell: Fed Will 'Wait and See' Before Pulling Interest Rate Trigger,"Federal Reserve Chair Jerome Powell on Monday said that U.S. monetary policy is in a good place, and the Fed will wait and see how the ongoing Middle East conflict will impact the economy and inflation before taking further action on interest rates. Powell reiterated that it is ""too soon to know"" the long-term scope and duration of the war's economic effects, noting that geopolitical risks make the outlook uncertain. According to the Fed chair, energy shocks tend to be temporary, and raising int",OilPrice.com,energy,https://oilprice.com/Latest-Energy-News/World-News/Powell-Fed-Will-Wait-and-See-Before-Pulling-Interest-Rate-Trigger.html,china,"energy,economy",e27219b70e67
2026-03-30,North Sea vs. Fuel Duty: The Political Fight Playing Out at UK Pumps,"A Labour cabinet minister has pushed back against rallying calls for the government to hand petrol retailers some reprieve, stating there is “no need” to axe the planned hike in fuel duty. Education secretary Bridget Bridget Phillipson said on Sunday the government would “take a view closer to the time” on whether to press ahead with the controversial increase. The current main rate of fuel duty stands at 52.95p per litre, but includes a temporary 5p reduction introduced in 2022, which is schedu",OilPrice.com,energy,https://oilprice.com/Energy/Energy-General/North-Sea-vs-Fuel-Duty-The-Political-Fight-Playing-Out-at-UK-Pumps.html,china,,1094bb6076ed
2026-03-30,Europe needs a 21st-century containment strategy toward Russia,"Only a policy toward Russia grounded in strength, combined with a refusal to compromise on core principles, can alter the Kremlin’s calculus.   The post  Europe needs a 21st-century containment strategy toward Russia  appeared first on  Atlantic Council .",Atlantic Council,policy,https://www.atlanticcouncil.org/dispatches/europe-needs-a-21st-century-containment-strategy-toward-russia/,russia,,bf7d444bac51
2026-03-30,The Iran war has set in motion a global realignment,"This period may be remembered not as a series of isolated crises, but as the moment when global ambiguity collapsed.   The post  The Iran war has set in motion a global realignment  appeared first on  Atlantic Council .",Atlantic Council,policy,https://www.atlanticcouncil.org/dispatches/the-iran-war-has-set-in-motion-a-global-realignment/,iran,,d76eac9e10e8
2026-03-30,Data Center Spending Is About to Rival the World’s Biggest Energy Markets,"Data center capital expenditure reached $770 billion in 2025, surpassing investments for upstream oil and gas activities in the same year. Solar PV investments, broadly acknowledged as the most substantial growth story in energy supply over the past 10 years, had already been eclipsed by data centers in 2024. This year, Rystad Energy expects investments in data centers to match investments in both the renewable generation industry, as well as the full oil and gas sector – which comprises the ups",OilPrice.com,energy,https://oilprice.com/Energy/Energy-General/Data-Center-Spending-Is-About-to-Rival-the-Worlds-Biggest-Energy-Markets.html,,energy,1c2c6a75c2b7
2026-03-30,"What's behind Trump's 180-degree turn, allowing Russian oil to Cuba?","In a positive twist, the Trump administration   said   it does not plan to block a Russian oil tanker from delivering 730,000 barrels of crude to Cuba, which has been suffering from acute fuel shortages since the U.S. imposed a de facto oil blockade on the island in late January.  Speaking to reporters aboard Air Force One Sunday night, President Trump confirmed that he had “no problem” with countries, including Russia, sending oil to Cuba. The move came as a surprise given that the administrati",Responsible Statecraft,security,https://responsiblestatecraft.org/cuba-russian-oil/,"russia,china,usa",energy,095a84d5ff15
2026-03-30,The UK must continue 'turning a blind eye' to Trump's war demands,"The ongoing melodrama of President Donald Trump’s outbursts against Britain and other allies unwilling to join his misbegotten war against Iran is getting tedious.  Brits still value the special relationship with America even if the President is not making us feel special. But, we have no ships. Sending a commercial vessel to the Strait of Hormuz to help unblock would represent a suicide mission.   The phrase “  turning a blind eye”   is often associated with Britain’s most accomplished Naval co",Responsible Statecraft,security,https://responsiblestatecraft.org/britain-iran-war-hormuz/,"usa,iran,uk",,dee5eecbcb11
2026-03-30,Can Gulf states really stay out of war with Iran?,"President Donald Trump’s war on Iran is a month old, and, as expected, the countries most affected are the six members of the Gulf Cooperation Council (GCC). The question now is whether these six governments will see no other option but to risk all by entering the military fight alongside the U.S. and Israel.  Iran has targeted the Gulf states to a far greater extent than it has Israel:   83%   of Iranian missiles and drones have been aimed at the GCC, in contrast to only 17% directed at Israel.",Responsible Statecraft,security,https://responsiblestatecraft.org/saudi-arabia-war-iran/,"usa,iran,israel",military,a9594119ac68
2026-03-30,'Private Mossad' goes after pro-Palestinian leader in Slovenia,"Last Sunday, Slovenia held national elections, with Prime Minister Robert Golob’s liberal Freedom Movement   winning   by a hair’s breadth against the right-wing Slovenian Democratic Party (SDS) led by former Prime Minister Janez Janša: 28.54% to 28.17%. Weeks of tortuous negotiations to form a coalition out of a fragmented parliament likely beckon.   However, the real story of these elections is different: it’s a tale of foreign interference in the democratic process, and the weaponization of p",Responsible Statecraft,security,https://responsiblestatecraft.org/slovenia-elections-mossad/,,"elections,diplomacy",855bcd5b148a
2026-03-30,How the Dominican Republic can escape the ‘middle-income trap’,"Over three decades, the Dominican Republic has consolidated stable electoral competition and built a diversified, open economy delivering the fastest GDP growth in Latin America. To escape the middle-income trap, the country must now confront deferred structural reforms—especially in education, institutional effectiveness, and fiscal capacity—turning stability into sustained convergence.   The post  How the Dominican Republic can escape the ‘middle-income trap’  appeared first on  Atlantic Counc",Atlantic Council,policy,https://www.atlanticcouncil.org/in-depth-research-reports/report/how-the-dominican-republic-can-escape-the-middle-income-trap/,,economy,4e1db969c11b
2026-03-30,"Iran wipes out US-Israeli radars & sensors, changing course of war","A month into the U.S. military campaign against Iran, Israel’s vaunted air defense system is showing its limits. Just in the past 10 days,   major cities   including Tel Aviv, Dimona, and Arad sustained significant damage when Iranian missiles successfully evaded Israel’s network of interceptors.   The most obvious explanation for the apparent failures is that depletion of Israel’s interceptor stockpiles is forcing the Israel Defense Forces to ration munitions or prioritize targets. But the faul",Responsible Statecraft,security,https://responsiblestatecraft.org/iran-radars-airstrikes/,"china,iran,israel",military,e576e07e04e1
2026-03-30,The Far Right’s False Pacifism Is Endangering Europe,"Europe's nationalist parties talk endlessly about defending European countries, but they are the least willing to confront hostile foreign governments. By taking a weak security posture, these leaders are practically inviting other countries to escalate their threats to Europe’s way of life.",ECFR,policy,https://ecfr.eu/article/the-far-rights-false-pacifism-is-endangering-europe/,,,a87762867e35
2026-03-30,QatarEnergy Brings U.S. LNG Online Amid Ras Laffan Fallout,"Golden Pass LNG, a joint venture between QatarEnergy and ExxonMobil (NYSE:XOM), has achieved first production of liquefied natural gas (LNG) at its first liquefaction train, marking the transition of the facility from a receiving terminal into a major export hub as a global energy crisis emerges out of the Iran conflict. Located in Sabine Pass, Texas, the three-train project will have a nominal capacity of approximately 18 million metric tons per annum (mtpa) when fully operational. The giant pr",OilPrice.com,energy,https://oilprice.com/Latest-Energy-News/World-News/QatarEnergy-Brings-US-LNG-Online-Amid-Ras-Laffan-Fallout.html,"iran,iraq","trade,energy,terrorism,commodities",461b3e9bc241
2026-03-30,How NATO can integrate AI to prevail in future algorithmic warfare,NATO’s competitive edge in the era of emerging and disruptive technologies will come from treating AI as a general-purpose enabler embedded across the Alliance’s digital backbone. Military AI does not generate new risks but creates more room for human error and miscalculation. Accidents and inadvertent escalation thus become more likely as military systems bring in more AI components.   The post  How NATO can integrate AI to prevail in future algorithmic warfare  appeared first on  Atlantic Coun,Atlantic Council,policy,https://www.atlanticcouncil.org/in-depth-research-reports/report/how-nato-can-integrate-ai-to-prevail-in-future-algorithmic-warfare/,,military,3f16db966344
2026-03-30,"Ecuador Loses $100 Million a Year to Fuel Theft, and It's Getting Worse","A little-recognized consequence of soaring cocaine related lawlessness and bloodshed in the tiny South American country of Ecuador is a massive surge in hydrocarbon theft. This serious problem, long associated with Colombia, which is the world's largest cocaine producer, arose because of the tremendous profits that can be earned from stealing gasoline and diesel. Rising fuel prices along with heightened lawlessness are driving ever-higher levels of hydrocarbon theft, which even government crackd",OilPrice.com,energy,https://oilprice.com/Energy/Crude-Oil/Ecuador-Loses-100-Million-a-Year-to-Fuel-Theft-and-Its-Getting-Worse.html,usa,"energy,climate",52ff9fb616ef
2026-03-30,"In Ukraine, ground robots are increasingly going on the offensive","The drone war has moved to the ground, and the results are already reshaping frontline tactics.",Lowy Institute,policy,https://www.lowyinstitute.org/the-interpreter/ukraine-ground-robots-are-increasingly-going-offensive,"russia,ukraine",,c3528c0f2d54
2026-03-30,Bangladesh Seeks U.S. Waiver for Russian Diesel as IMF Warns of Energy Shock,"Bangladesh has formally requested a temporary sanctions waiver from the United States to import roughly 600,000 metric tonnes of Russian diesel to cover two months of demand as its energy crisis intensifies, Reuters reported on Monday, with officials pointing to Washington’s recent 30-day waiver granted to India as precedent.  The move comes as the International Monetary Fund (IMF) warns the Iran war is driving a global energy shock, with disrupted oil flows pushing up fuel costs, tightening fin",OilPrice.com,energy,https://oilprice.com/Latest-Energy-News/World-News/Bangladesh-Seeks-US-Waiver-for-Russian-Diesel-as-IMF-Warns-of-Energy-Shock.html,"russia,usa,iran,india,iraq","sanctions,trade,energy,economy,terrorism",09a0bbaf09c9
2026-03-30,"Three Crises, Four Years: Europe Keeps Failing the Same Energy Test","For the third time in four years, Europe is waking up to discover that it has sleepwalked into yet another energy crisis."" When Russia illegally invaded Ukraine in February of 2022, Europe was caught in an extremely compromised position, as it was dependent on Russian producers for 40 percent of its natural gas. When energy sanctions were slapped on the Kremlin, the impact on European energy markets was dire, with many families plunging into energy poverty. In the years since that crisis, Europe",OilPrice.com,energy,https://oilprice.com/Energy/Energy-General/Three-Crises-Four-Years-Europe-Keeps-Failing-the-Same-Energy-Test.html,"russia,ukraine,iraq","sanctions,energy,terrorism",0607d92014d3
2026-03-30,Iran: A land war illusion,Deploying ground forces without defined political objectives leads to failure.,Lowy Institute,policy,https://www.lowyinstitute.org/the-interpreter/iran-land-war-illusion,iran,,1c2bf825ad9f
2026-03-30,The spillover from Sudan,"Sudan’s civil war has drawn in Gulf states, Russia and the US – but the deeper fault line runs through the Nile.",Lowy Institute,policy,https://www.lowyinstitute.org/the-interpreter/spillover-sudan,russia,,a824c0d019ab
2026-03-30,The future of energy geopolitics is written in patents,"While access to fuel is critical for energy security, particularly today, technological innovation will play a central role in the future. This has major implications for Europe.   The post  The future of energy geopolitics is written in patents  appeared first on  Atlantic Council .",Atlantic Council,policy,https://www.atlanticcouncil.org/blogs/energysource/the-future-of-energy-geopolitics-is-written-in-patents/,china,energy,deca590c9320
2026-03-30,Oil Spike Collides With Fragile Global Growth,"The worst energy crisis in history is sending ripples across global markets, and optimism is in short supply. IEA’s chief said the current crisis is worse than all previous ones put together. JP Morgan analysts warned Asia is going to be hit the hardest, although other analysts see Europe as suffering the most from the fallout. And yet it seems the seriousness of the situation has yet to sink in. The European Central Bank’s president, Christine Lagarde, said in a recent interview with The Econom",OilPrice.com,energy,https://oilprice.com/Energy/Energy-General/Oil-Spike-Collides-With-Fragile-Global-Growth.html,iraq,"energy,terrorism",25d921c8fc4b
2026-03-30,Inside Tehran’s toll booth,"Iran is using formal, semi‑formal, and informal channels, as well as entirely new systems, to avoid US sanctions and sell oil to China.   The post  Inside Tehran’s toll booth  appeared first on  Atlantic Council .",Atlantic Council,policy,https://www.atlanticcouncil.org/dispatches/inside-tehrans-toll-booth/,"china,iran","sanctions,energy",964db6437a76
2026-03-30,How the West lost the post-Cold War era,The latest Atlantic Council Eurasia Center report examines the lessons from the post-Cold War period and what the United States and its allies can do to counter Russian revanchism today.   The post  How the West lost the post-Cold War era  appeared first on  Atlantic Council .,Atlantic Council,policy,https://www.atlanticcouncil.org/in-depth-research-reports/report/how-the-west-lost-the-post-cold-war-era/,"russia,usa",,552c18e10ab9
2026-03-30,"Daily Memo: Mediation Efforts, Oil Supplies for Cuba","Brokering peace? The foreign ministers of Pakistan, Turkey, Egypt and Saudi Arabia held two days of talks in Islamabad on Sunday on possible ways to end the Iran war. The four countries are considering creating a consortium to manage commercial traffic through the Strait of Hormuz. The plan would involve a fee structure similar to the [&#8230;]   The post  Daily Memo: Mediation Efforts, Oil Supplies for Cuba  appeared first on  Geopolitical Futures .",Geopolitical Futures,geopolitics,https://geopoliticalfutures.com/daily-memo-mediation-efforts-oil-supplies-for-cuba/,"china,iran,turkey,saudi arabia,pakistan",energy,b31f15227415
2026-03-30,What the Iran War Means for China,Beijing fears American volatility more than American power.,Foreign Affairs,foreign_policy,https://www.foreignaffairs.com/china/what-iran-war-means-china,"china,usa,iran",,70105637b8e0
2026-03-30,"As Prabowo arrives in Tokyo, Japan and Indonesia are building faster than they are thinking",The Tokyo–Jakarta partnership looks impressive but whether it holds is another question.,Lowy Institute,policy,https://www.lowyinstitute.org/the-interpreter/prabowo-arrives-tokyo-japan-indonesia-are-building-faster-they-are-thinking,,,bef3aefa1acf
2026-03-30,Putin’s Persian Problem,Don’t overthink it. The Iran war is bad for Russia.,Foreign Policy,foreign_policy,https://foreignpolicy.com/2026/03/30/trump-putin-iran-war-hormuz-oil-israel-sanctions/,"russia,iran",,8e66385952c7
2026-03-30,"Explosive Misinformation: A Guide to Mushroom Clouds, ‘Sonic Weapons’ and Disintegration","Explosives test in Canada. Source: Defence Research and Development Canada.   The post  Explosive Misinformation: A Guide to Mushroom Clouds, ‘Sonic Weapons’ and Disintegration  appeared first on  bellingcat .",Bellingcat,investigation,https://www.bellingcat.com/resources/2026/03/30/explosive-misinformation-a-guide-to-mushroom-clouds-sonic-weapons-and-disintegration/,,,60b2da1d2676
2026-03-30,Iran Invasion Would Be America’s Biggest Strategic Mistake Yet,"The ghosts of Baghdad and Kabul should be enough to silence any serious talk of sending American troops into Iran. Yet here we are again, with voices in Washington and Tel Aviv whispering that only boots on the ground can neutralize Tehran’s nuclear ambitions, its local allies and its regional mischief. They are wrong. An American invasion of Iran would be a strategic catastrophe, a moral failure and a self-inflicted wound from which the United States might never fully recover. First, the milita",OilPrice.com,energy,https://oilprice.com/Energy/Energy-General/Iran-Invasion-Would-Be-Americas-Biggest-Strategic-Mistake-Yet.html,"usa,iran,israel,afghanistan,iraq","military,nuclear",5299b7f5abca
2026-03-30,Can Europe—finally—turn an energy shock into a path toward energy security?,"Europe keeps falling into the same energy trap. It instead needs to recognize its dependence on hydrocarbons and diversify supplies, even as it reduces reliance on them.   The post  Can Europe—finally—turn an energy shock into a path toward energy security?  appeared first on  Atlantic Council .",Atlantic Council,policy,https://www.atlanticcouncil.org/blogs/energysource/can-europe-finally-turn-an-energy-shock-into-a-path-toward-energy-security/,,"energy,climate",28dbdd3b867f
2026-03-30,The Future of War Is Here,"In my book “The Future of War,” which was published in 1996, I wrote that the future of warfare would be based on unmanned aerial vehicles and extreme targeting precision provided by satellite-based intelligence. That future is clearly here; the war in Ukraine suggested as much, and the war in Iran has confirmed it. I am mentioning my book not to take a bow (who would I be kidding?) but to emphasize that the wars of the 20th century, built around ground warfare, manned aircraft and surface vesse",Geopolitical Futures,geopolitics,https://geopoliticalfutures.com/the-future-of-war-is-here/,"russia,ukraine,iran",military,01fa21cdb872
2026-03-30,Coal Is Back — and Japan Is Driving the Rally,"Japan’s heavy dependence on imported energy is being put through a real-time stress test. The crisis triggered by the war in Iran and the effective closure of the Strait of Hormuz has exposed the structural vulnerabilities in one of the world’s largest energy importers. With roughly 90% of its crude oil sourced from the Middle East, Tokyo has already moved to release around 80 million barrels from its strategic petroleum reserves – equivalent to roughly 26 days of domestic oil demand. This shoul",OilPrice.com,energy,https://oilprice.com/Energy/Coal/Coal-Is-Back-and-Japan-Is-Driving-the-Rally.html,"iran,iraq","trade,energy,terrorism",b1e45065cc2b
2026-03-30,Why Nuclear Won’t Shield Europe From Energy Price Shocks,"Every time energy prices spike, nuclear power makes a comeback in the debate. The argument is familiar. If Europe had more nuclear, it would be insulated from volatile gas markets. Prices would be stable. External shocks—from Hormuz to Ukraine—would matter less. There is truth in that. But only up to a point. And crucially, only under very specific conditions that are often ignored. Nuclear Works, If You Already Have It France is the obvious example. With a large nuclear fleet forming the backbo",OilPrice.com,energy,https://oilprice.com/Alternative-Energy/Nuclear-Power/Why-Nuclear-Wont-Shield-Europe-From-Energy-Price-Shocks.html,"russia,ukraine,france","nuclear,energy",5afd322d2394
2026-03-30,Natural gas liquids exports reached record highs in 2025,"Natural gas liquids (NGL) exports reached 3.1 million barrels per day (b/d) in 2025, growing 7% from the previous year. These fuels are primarily extracted from the natural gas stream. NGL plant production has increased every year since 2005, driven by higher production of NGLs and more global demand for NGLs, especially as petrochemical feedstocks.",EIA,energy,https://www.eia.gov/todayinenergy/detail.php?id=67387,china,"trade,energy",aacc236b92a6
2026-03-30,The Iran War Has Escaped Its Authors,Escalation is already shattering Washington’s illusion of control.,Foreign Policy,foreign_policy,https://foreignpolicy.com/2026/03/30/iran-war-trump-israel-escalation-hormuz/,"usa,iran",,3c20929dc8d1
2026-03-30,Trump Is Losing the War in Iran,"One month in, the Islamic Republic is winning merely by surviving.",Foreign Policy,foreign_policy,https://foreignpolicy.com/2026/03/30/trump-war-iran-israel-lebanon-gulf-winner-loser/,"usa,iran",,5093565dfffd
2026-03-30,Putin Is Not Trapped: Why Regime Survival Does Not Depend on Victory,"For four years, analysts and policymakers have warned that Russian President Vladimir Putin &#8220;cannot afford to lose&#8221; in Ukraine. Increasingly, some argue he cannot afford peace either. In this view, the war is existential for his regime. Defeat would shatter Putin&#8217;s legacy and potentially end his rule. Trapped between humiliation and collapse, inviting comparisons to the fate of the last Russian tsar, Nicholas II, Putin is portrayed as having no viable off-ramp from an unwinnabl",War on the Rocks,security,https://warontherocks.com/2026/03/putin-is-not-trapped-why-regime-survival-does-not-depend-on-victory/,"russia,ukraine,france",,d32012d2cd1c
2026-03-30,Iran War Shatters South Asians’ Gulf Dreams,Migrants are seeing flights and jobs vanish.,Foreign Policy,foreign_policy,https://foreignpolicy.com/2026/03/30/south-asia-migrants-remittances-gulf-iran-war/,iran,,fcc2698a8d35
2026-03-30,Wartime Budgets Are an X-Ray of Presidential Priorities,"By choosing escalation in Vietnam, Lyndon Johnson’s plan to fund both guns and butter unraveled.",Foreign Policy,foreign_policy,https://foreignpolicy.com/2026/03/30/wartime-budgets-vietnam-iran-presidential-priorities/,china,,eef99f4c2263
2026-03-30,How Congress Can Prevent a Quagmire in Iran,Authorize limited airstrikes but rule out ground forces.,Foreign Affairs,foreign_policy,https://www.foreignaffairs.com/iran/how-congress-can-prevent-quagmire-iran,iran,military,3cce99d3b7e3
2026-03-30,The Houthis Are Now in the War—But How Deep?,Iran’s Yemeni proxy group could make a bad energy market catastrophic if it targets the Red Sea.,Foreign Policy,foreign_policy,https://foreignpolicy.com/2026/03/30/houthis-iran-war-red-sea-shipping-oil-bab-el-mandeb/,iran,energy,1e0dc6f1832f
2026-03-30,"Chagos, Maldives, Mauritius: A headache India cannot ignore",A small-island sovereignty spat is becoming a test of India’s ambitions as the Indian Ocean steward.,Lowy Institute,policy,https://www.lowyinstitute.org/the-interpreter/chagos-maldives-mauritius-headache-india-cannot-ignore,india,,d4fcc2d25ef9
2026-03-30,The Importance of the Raid of Nassau,"Marines and sailors splashing ashore from landing boats has become a defining image of the history of the U.S. Marine Corps. It happened for the first time at the town of Nassau in the British colony of the Bahamas on March 3, 1776. While the operation itself was a tactical success, its impact on the broader war for American independence was marred by inexperience and poor judgment. Despite this, the raid of Nassau offers important insights for contemporary naval forces, including the challenge",War on the Rocks,security,https://warontherocks.com/2026/03/the-importance-of-the-raid-of-nassau/,"china,usa,uk",trade,cd9d23abcde5
2026-03-30,Trump Has Got Europe All Wrong,Why America needs the European Union.,Foreign Affairs,foreign_policy,https://www.foreignaffairs.com/united-states/trump-has-got-europe-all-wrong,usa,,1968baaf7fd8
2026-03-30,Every Soldier a Software Builder: Governing the Army’s New Digital Workforce,"Over the past decade, the Department of Defense has tested internal software development through efforts like the Air Force&#8217;s Kessel Run, the Army Software Factory, and the Marine Corps Software Factory. Those efforts showed that military personnel can build useful software when given the right tools and infrastructure.In its push to make better use of data, the Army fielded powerful digital platforms as a service across the force, such as Palantir&#8217;s Army Vantage and the Department o",War on the Rocks,security,https://warontherocks.com/2026/03/every-soldier-a-software-builder-governing-the-armys-new-digital-workforce/,china,military,0568cca771b4
2026-03-30,Successes and Setbacks,"Welcome to&#160;The Ukraine Compass, a weekly digest of Ukrainian commentary and analysis from across the political spectrum only for&#160;War on the Rocks&#160;members. Each Monday, we bring you a curated selection of articles from Ukrainian media offering insight into how Ukrainians themselves debate the issues shaping their country.American coverage often narrows the view to the battlefield &#8212; these pieces widen it, revealing the texture of daily life, politics, and public argument in a",War on the Rocks,security,https://warontherocks.com/2026/03/successes-and-setbacks/,"russia,ukraine,usa",elections,3297d8a6a7fb
2026-03-30,‘Unconditional Surrender’ Is Always an Illusion,An American myth reemerges for the Iran war.,Foreign Policy,foreign_policy,https://foreignpolicy.com/2026/03/30/unconditional-surrender-is-always-an-illusion/,"usa,iran",,1cd98758dc7a
2026-03-30,Trump Claims ‘Great Progress’ in Iran Peace Talks,"At the same time, the White House has threatened to obliterate Tehran’s energy sector if a deal isn’t reached soon.",Foreign Policy,foreign_policy,https://foreignpolicy.com/2026/03/30/trump-iran-war-peace-talks-progress-kharg-island-ghalibaf-energy-oil-pakistan/,"usa,iran",energy,9c1446cbb2fb
2026-03-29,Punish Russia for Helping Iran Target the U.S. Military,"In the second week of March, U.S. President Donald Trump insisted that Russian President Vladimir Putin wants to be &#8220;helpful&#8221; in the Middle East. More recently, in a spat with the E.U. foreign policy chief over America&#8217;s diplomatic stance on Russia and Ukraine, Secretary of State Marco Rubio reportedly snapped &#8220;We are doing the best we can to end the war&#8221; and indicated the United States would be happy to stop if Europe thought it could do better. Admittedly, in dipl",War on the Rocks,security,https://warontherocks.com/2026/03/punish-russia-for-helping-iran-target-the-u-s-military/,"russia,ukraine,usa,iran",military,9bb34e4e71de
2026-03-29,After America: How Southeast Asia can defend itself,A Taiwan contingency won’t leave Southeast Asia untouched. The region needs a defence strategy built on its own terms.,Lowy Institute,policy,https://www.lowyinstitute.org/the-interpreter/after-america-how-southeast-asia-can-defend-itself,china,,8e10cc9d557a
2026-03-28,Houthis enter war against Israel,"Update 3/28. 10 a.m. ET:   Yemeni Houthis say they targeted Israel today  in their first airstrikes since the war began on Feb. 28. Israel says it identified a missile coming from Yemen and it was intercepted, according to the Washington Post.    From northern Yemen, the Houthis are making clear that they are prepared for a new round of fighting, whether with the U.S. or Israel. From Iran, the message is being delivered that when, not if, American troops occupy any part of Iranian soil, the Hout",Responsible Statecraft,security,https://responsiblestatecraft.org/houthis-iran-war/,"usa,iran,israel","military,energy",b8f220f5c463
2026-03-28,"George Answers Your Questions: Beyond Iran: China, Russia and Europe","Beyond Iran: China, Russia and Europe March 23, 2026 Question: Isn’t the Trump administration’s real goal in the Iran war to limit China’s future capability to threaten the U.S. by controlling the energy/oil flows into China? Doesn’t this explain better than other theories why the U.S. toppled Venezuela’s government and now Iran’s? Then if it [&#8230;]   The post  George Answers Your Questions: Beyond Iran: China, Russia and Europe  appeared first on  Geopolitical Futures .",Geopolitical Futures,geopolitics,https://geopoliticalfutures.com/george-answers-your-questions-beyond-iran-china-russia-and-europe/,"russia,china,usa,iran,venezuela",energy,9fdc1ef1d261
2026-03-27,Lipsky quoted in Foreign Policy article on Iran’s control over the Strait of Hormuz,Read the full article here   The post  Lipsky quoted in Foreign Policy article on Iran&#8217;s control over the Strait of Hormuz  appeared first on  Atlantic Council .,Atlantic Council,policy,https://www.atlanticcouncil.org/insight-impact/in-the-news/lipsky-quoted-in-foreign-policy-article-on-irans-control-over-the-strait-of-hormuz/,iran,,85f24b075c1b
2026-03-27,Trump Tariff Tracker cited in the African Development Bank Group’s November Macroeconomic Performance and Outlook,Read the full article here   The post  Trump Tariff Tracker cited in the African Development Bank Group&#8217;s November Macroeconomic Performance and Outlook  appeared first on  Atlantic Council .,Atlantic Council,policy,https://www.atlanticcouncil.org/insight-impact/in-the-news/trump-tariff-tracker-cited-in-the-african-development-bank-groups-november-macroeconomic-performance-and-outlook/,usa,"trade,economy",094fe7b955dc
2026-03-27,Tannebaum featured on CNBC on securing the Strait of Hormuz,Watch the full video here   The post  Tannebaum featured on CNBC on securing the Strait of Hormuz  appeared first on  Atlantic Council .,Atlantic Council,policy,https://www.atlanticcouncil.org/insight-impact/in-the-news/tannebaum-featured-on-cnbc-on-securing-the-strait-of-hormuz/,,,f51c3683200f
2026-03-27,Lipsky interviewed on CNN about Trump easing Iranian oil sanctions,Read the full article here   The post  Lipsky interviewed on CNN about Trump easing Iranian oil sanctions  appeared first on  Atlantic Council .,Atlantic Council,policy,https://www.atlanticcouncil.org/insight-impact/in-the-news/lipsky-interviewed-on-cnn-about-trump-easing-iranian-oil-sanctions/,"usa,iran","sanctions,energy",a523167352cd
2026-03-27,The Iran war’s economic fallout won’t stop at oil—agriculture and aluminum are next,"The Iran war’s impact isn’t limited to oil. Fertilizer shortages now threaten spring corn planting, while aluminum markets are strained—signaling broader disruptions to food prices, industry, and global supply chains.   The post  The Iran war’s economic fallout won’t stop at oil—agriculture and aluminum are next  appeared first on  Atlantic Council .",Atlantic Council,policy,https://www.atlanticcouncil.org/blogs/econographics/the-iran-wars-economic-fallout-wont-stop-at-oil-agriculture-and-aluminum-are-next/,"china,iran","trade,energy,economy,commodities",d81e1e30343d
2026-03-27,Two Waves of Bombing: New Videos Reveal Further Details About Iran School Strike,Bellingcat has geolocated and verified two new videos showing the deadly strikes that hit an Iranian Revolutionary Guard Corps (IRGC) compound as well as an adjacent school in the city of Minab in late February. The new videos were released by Iran’s Ministry of Foreign Affairs and show multiple missiles hitting the complex.&#160; One of [&#8230;]   The post  Two Waves of Bombing: New Videos Reveal Further Details About Iran School Strike  appeared first on  bellingcat .,Bellingcat,investigation,https://www.bellingcat.com/news/2026/03/27/new-videos-reveal-more-details-about-iran-girls-school-strike/,iran,military,33113a1081b5
2026-03-27,What Raisina 2026 revealed about a world pulling apart,Europe is searching for a lifeline while the Indian mood on the United States has truly soured.,Lowy Institute,policy,https://www.lowyinstitute.org/the-interpreter/what-raisina-2026-revealed-about-world-pulling-apart,"usa,india",,52faa906b820
2026-03-27,The United States of Westeros,"“A Knight of the Seven Kingdoms,” like its predecessor series, offers a prescient glimpse into contemporary politics.",Foreign Policy,foreign_policy,https://foreignpolicy.com/2026/03/27/knight-seven-kingdoms-game-thrones-westeros-targaryen-dunk-trump/,usa,,db35d6566aaf
2026-03-27,Ukraine and Russia Are Warring at Tennis,Festering battles on the international tennis circuit have finally burst into the open.,Foreign Policy,foreign_policy,https://foreignpolicy.com/2026/03/27/ukraine-russia-war-belarus-tennis-women-oliynykova/,"russia,ukraine",,8b3cb0e16874
2026-03-27,What is India’s game at the WTO?,"By blocking an investment deal, New Delhi might be playing for leverage in other disputes.",Lowy Institute,policy,https://www.lowyinstitute.org/the-interpreter/what-india-s-game-wto,"china,india",trade,9214dcac1ced
2026-03-27,Can America and Iran Reach a Cease-Fire?,"As the war with Iran rages on and gets more costly by the day, rumblings about a potential cease-fire have emerged from Washington. Both sides want to dictate the terms—but neither truly can.",ECFR,policy,https://ecfr.eu/article/can-america-and-iran-reach-a-cease-fire/,"usa,iran",,1670e69690f0
2026-03-27,What the Iran war means for Ukraine,"Mark Leonard is joined by Jana Kobzova to discuss how the war in Iran is affecting Ukraine, from US support to shifting European unity",ECFR,policy,https://ecfr.eu/podcasts/episode/what-the-iran-war-means-for-ukraine/,"russia,ukraine,iran",,0dd5583c1a5f
2026-03-27,The Eastern Mediterranean won’t replace Russian or Gulf gas—but it can be Europe’s energy shock absorber,"Eastern Mediterranean gas will not eliminate Europe’s exposure to global volatility, but it can help reinforce the continent’s resilience on the margins.   The post  The Eastern Mediterranean won’t replace Russian or Gulf gas—but it can be Europe’s energy shock absorber  appeared first on  Atlantic Council .",Atlantic Council,policy,https://www.atlanticcouncil.org/dispatches/the-eastern-mediterranean-wont-replace-russian-or-gulf-gas-but-it-can-be-europes-energy-shock-absorber/,"russia,china",energy,0db030364242
2026-03-27,Cracks Spread Through Putin’s Power Structure,"War setbacks, protests, and internet shutdowns expose the limits of Kremlin control.",Foreign Policy,foreign_policy,https://foreignpolicy.com/2026/03/27/russia-putin-war-ukraine-dissent-protests-remeslo-internet-shutdown/,russia,,9a676516bd23
2026-03-27,What in the World?,"Test yourself on the week of March 21: Denmark and Italy vote, an Afghan-Pakistani cease-fire ends, and Argentines march in Buenos Aires.",Foreign Policy,foreign_policy,https://foreignpolicy.com/2026/03/27/news-quiz-italy-referendum-afghanistan-pakistan-argentina-iran-war-israel/,pakistan,elections,460fb4363086
2026-03-27,Why US strategic nuclear forces must expand after New START,"With the New START treaty's caps on the US nuclear force expired, the United States has an opportunity to increase and adapt its nuclear force to deter both Russia and China. Policymakers should seize it.    The post  Why US strategic nuclear forces must expand after New START  appeared first on  Atlantic Council .",Atlantic Council,policy,https://www.atlanticcouncil.org/in-depth-research-reports/issue-brief/why-us-strategic-nuclear-forces-must-expand-after-new-start/,"russia,china,usa","nuclear,diplomacy",9c581b646ada
2026-03-27,Deterrence in a two-peer world requires prudence,Washington faces the challenge of preserving credible deterrence and reassuring allies against two potential nuclear peers—possibly acting together—without fueling dangerous instability or draining resources from other defense priorities. This will require a balanced approach that avoids counterproductive arsenal growth.   The post  Deterrence in a two-peer world requires prudence  appeared first on  Atlantic Council .,Atlantic Council,policy,https://www.atlanticcouncil.org/in-depth-research-reports/issue-brief/designing-us-nuclear-force/,usa,nuclear,8444a13532a1
2026-03-27,Rubio: U.S.-Iran War Could Last Another 2 to 4 Weeks,The White House remains committed to achieving all of its war objectives despite a lack of NATO support.,Foreign Policy,foreign_policy,https://foreignpolicy.com/2026/03/27/rubio-g7-us-iran-war-two-four-weeks-nato-negotiations/,iran,,0dc576978a6f
2026-03-27,The Birds That Run the Land,Indigenous knowledge is helping conservationists manage delicate ecologies.,Foreign Policy,foreign_policy,https://foreignpolicy.com/2026/03/27/birds-conservation-indigenous-environment/,,,5998ad1e7c25
2026-03-27,After the Nation-State,A slew of new doomsaying books miss what’s coming round the bend.,Foreign Policy,foreign_policy,https://foreignpolicy.com/2026/03/27/book-review-after-nations-dasgupta-westad-prasad-milanovic/,,,4ee741a5ca56
2026-03-27,Putting boots on the ground could kill Trump’s presidency,"A   new poll   released Wednesday found that, although 63% of Republicans support airstrikes against Iranian military targets,   only 20%   are in favor of deploying U.S. troops.  That’s only about 2 in 10 Republicans in favor of boots on the ground. Again, these are Republicans — including MAGA.  Among all Americans,   according   to the Associated Press-NORC Center for Public Affairs Research, 62% percent oppose deploying U.S. troops on the ground in Iran.  “Trump still has deep support among",Responsible Statecraft,security,https://responsiblestatecraft.org/boots-on-the-ground-iran/,"usa,iran",military,9db6b51d7295
2026-03-27,Can America and Iran Reach a Cease-Fire?,Both sides want to dictate the terms—but neither truly can.,Foreign Affairs,foreign_policy,https://www.foreignaffairs.com/can-america-and-iran-reach-cease-fire,iran,,03710a8cdebd
2026-03-27,The War in Iran Could Become Like the War in Ukraine,How America can avoid a Russian-style quagmire.,Foreign Affairs,foreign_policy,https://www.foreignaffairs.com/iran/war-iran-could-become-war-ukraine,"russia,ukraine,iran",,cc71e8882d8f
2026-03-27,The Price of Strategic Incoherence in Iran,"For America, the war’s benefits won’t outweigh its costs.",Foreign Affairs,foreign_policy,https://www.foreignaffairs.com/iran/price-strategic-incoherence-iran,iran,,9a4ea38a277d
2026-03-27,Hellscape Taiwan: A Porcupine Defense in the Drone Age,"It is 2029. General Secretary Xi Jinping has given the order for the People&#8217;s Liberation Army to forcibly take Taiwan. Hundreds of Chinese warships begin to cross the Taiwan strait, supported by fighter jets and protected by an umbrella of electronic jamming. 80 kilometers from Taiwan&#8217;s coast, the first blow comes from below. Autonomous underwater vehicles lurking on the seabed detonate against the hull of troop transports, scattering formations and forcing destroyers to divert to an",War on the Rocks,security,https://warontherocks.com/2026/03/hellscape-taiwan-a-porcupine-defense-in-the-drone-age/,china,,43c038714418
2026-03-27,The Pentagon Wants Dual-Use Innovation. Patent Law Might Punish It.,"In 1918, the U.S. Supreme Court held that government contractors could be sued for patent infringement even if their products were manufactured specifically for the U.S. government. Franklin D. Roosevelt, then acting secretary of the Navy, wrote an urgent letter to Congress warning that contractors were hesitant to build equipment for the Navy that could expose them to expensive litigation. Congress responded swiftly, amending federal law to shield contractors from patent suits when they were ma",War on the Rocks,security,https://warontherocks.com/2026/03/the-pentagon-wants-dual-use-innovation-patent-law-might-punish-it/,usa,,e80189690feb
2026-03-27,"Iran is real, but defense techies still prefer war gaming China","Silicon Valley’s tech titans descended on Washington this week for the Hill and Valley Forum, an all-day event created to bridge the gap between the government and the tech industry.  Startup executives, billionaire investors, and government officials alike waited in lines winding down Constitution Avenue to strike deals and hear from guest speakers like Palantir executive Shyam Sankar and Speaker of the House Mike Johnson (R-La.). “Welcome to the superbowl of defense tech,” said the first inves",Responsible Statecraft,security,https://responsiblestatecraft.org/hill-and-valley-forum/,"china,usa,iran",,9c23f905b332
2026-03-27,‘Burn the lawn’: Israel pursues ‘Rafah model’ in southern Lebanon,"Israel’s defense minister   said   in a statement this week that Israeli forces are working to implement the “Rafah and Beit Hanoun model” in southern Lebanon, sparking fears that Israel is planning to flatten entire towns in an attempt to defeat Hezbollah once and for all.  As Israel   prepares   its forces for a full-scale invasion, the intensity of this new approach is starting to come into focus, even as most of the world’s attention has stayed on the U.S.-Israeli war in Iran. Israel’s war i",Responsible Statecraft,security,https://responsiblestatecraft.org/israel-lebanon-war/,"china,iran,israel",,2c167d0c7e54
2026-03-27,Turkey’s Contested Homefront,What lesson about national solidarity will Erdogan draw from Israel and Iran?,Foreign Policy,foreign_policy,https://foreignpolicy.com/2026/03/27/turkey-iran-israel-erdogan-nationalism-democracy-war/,"iran,israel,turkey",,caad876db83d
2026-03-27,America’s New Way of Economic War,The dangers of a strategy with no doctrine.,Foreign Affairs,foreign_policy,https://www.foreignaffairs.com/united-states/americas-new-way-economic-war,,economy,2a70f80f34ac
2026-03-27,Daily Memo: US and Iran Bolster Forces,"Deployment. The United States is considering deploying an additional 10,000 troops to the Middle East, the Wall Street Journal reported, despite signals from the Trump administration that it wants to negotiate a settlement. The deployment would likely include infantry, armored vehicles and other troops to supplement the 5,000 Marines and paratroopers from the 82nd Airborne [&#8230;]   The post  Daily Memo: US and Iran Bolster Forces  appeared first on  Geopolitical Futures .",Geopolitical Futures,geopolitics,https://geopoliticalfutures.com/daily-memo-us-and-iran-bolster-forces/,"usa,iran",military,294a390a3f29
2026-03-27,Logistical Complications for Russian Energy Exports,"(click to enlarge) Against the backdrop of the war in the Middle East, sharply rising energy prices, and the temporary easing of U.S. sanctions on Russian oil, Russia&#8217;s oil export revenues have returned to growth after declining steadily over the past four years. This has lifted the Russian state budget, which, despite efforts at diversification, continues to receive a significant share of its revenue from oil production and sales. However, despite growing demand, particularly from Asia, t",Geopolitical Futures,geopolitics,https://geopoliticalfutures.com/logistical-complications-for-russian-energy-exports/,russia,"sanctions,trade,energy",efb75c6a26bf
2026-03-27,Kyrgyzstan Is Slouching Back Toward Illiberalism,President Sadyr Japarov has stifled opposition. Now he’s going after his former right-hand man.,Foreign Policy,foreign_policy,https://foreignpolicy.com/2026/03/27/kyrgyzstan-illiberalism-japarov-tashiev-democracy-election/,,,7b4ad95a6915
2026-03-27,Latin American Countries Boost Ties to Africa,Can this era of south-south cooperation outlast leftist leadership?,Foreign Policy,foreign_policy,https://foreignpolicy.com/2026/03/27/latin-america-celac-africa-colombia-summit/,usa,,fd38d482cad3
2026-03-27,Ten lessons from the first month of the Iran war,"Atlantic Council experts identify ten important takeaways from the Iran war so far, covering issues from global energy markets to the Iranian regime.   The post  Ten lessons from the first month of the Iran war  appeared first on  Atlantic Council .",Atlantic Council,policy,https://www.atlanticcouncil.org/dispatches/ten-lessons-from-the-first-month-of-the-iran-war/,iran,"trade,energy",6f52cca74f95
2026-03-27,What does Bangladesh’s new government need to do to revitalize democracy?,The new leadership in Bangladesh should focus on both short-term economic development and forward-looking constitutional reforms.   The post  What does Bangladesh’s new government need to do to revitalize democracy?  appeared first on  Atlantic Council .,Atlantic Council,policy,https://www.atlanticcouncil.org/dispatches/what-does-bangladeshs-new-government-need-to-do-to-revitalize-democracy/,,"economy,elections",44e7d1510d8c
2026-03-27,The Iran War’s Economic Winners and Losers,Is the Persian Gulf’s economic model in jeopardy?,Foreign Policy,foreign_policy,https://foreignpolicy.com/2026/03/27/iran-war-economic-effects-gulf-oil-gas/,iran,economy,727ceddfb458
2026-03-26,Evidence Points to US Scattering Mines over Iranian Village,"The US appears to have deployed the Gator Scatterable Mine system over Kafari, a village near Shiraz, in southern Iran overnight. Several people were killed according to Iranian media.&#160; Three experts told Bellingcat the munitions appeared to be air-delivered US-made Gator anti-tank mines.&#160; The US is the only participant in the Iran war known to [&#8230;]   The post  Evidence Points to US Scattering Mines over Iranian Village  appeared first on  bellingcat .",Bellingcat,investigation,https://www.bellingcat.com/news/2026/03/26/us-iran-mines-israel-village-missile-munitions-weapons-war-conflict/,iran,,f6694a1fab1a
2026-03-26,"On energy, China can sit this crisis out. Here's why.","The   Strait of Hormuz crisis   has sparked a new round of debates on the implications for China of the U.S.-Israel war against Iran.   Citing China’s reliance on imports of oil and liquified natural gas (LNG) that pass through the largely closed strait, some experts   argue   that China has limited capabilities to protect its own strategic and commercial interests in the region. But this analysis is based on a false assumption about Chinese energy policy.  It is true that China is the world’s l",Responsible Statecraft,security,https://responsiblestatecraft.org/china-energy-crisis/,"china,iran,israel,iraq","trade,energy,terrorism",87ec16c01e8b
2026-03-26,The Philippines fuel emergency is a textbook case of a warning hiding in official statistics,The data was there. Manila just didn’t act on it.,Lowy Institute,policy,https://www.lowyinstitute.org/the-interpreter/philippines-fuel-emergency-textbook-case-warning-hiding-official-statistics,,,1afc5cb1cf2b
2026-03-26,Harnessing Islamic philanthropy to save lives in the Andaman Sea,"Islamic charitable networks raised US$2.8 billion in Indonesia last year, offering a chance to fund search and rescue of Rohingya refugees at sea.",Lowy Institute,policy,https://www.lowyinstitute.org/the-interpreter/harnessing-islamic-philanthropy-save-lives-andaman-sea,,migration,1f5a46754d5c
2026-03-26,Iran’s Long Game,Decades of preparation are paying off.,Foreign Affairs,foreign_policy,https://www.foreignaffairs.com/iran/irans-long-game,iran,,cdb7340a4465
2026-03-26,The Gulf on the front line: The end of strategic hedging and new space for Europeans,The war on Iran marks a turning point in the security calculus of the Gulf monarchies. Strategic hedging has failed—and Europeans could become just the reliable partners the monarchies need.,ECFR,policy,https://ecfr.eu/article/the-gulf-on-the-front-line-the-end-of-strategic-hedging-and-new-space-for-europeans/,iran,,51f9ce1c5ee0
2026-03-26,The False Promise of “Flexible Realism”,Trump’s war on Iran reveals a foreign policy without principles.,Foreign Affairs,foreign_policy,https://www.foreignaffairs.com/iran/false-promise-flexible-realism,"usa,iran",,38f2963b943e
2026-03-26,A Torpedo in the Trade Lanes: Naval Warfare Returns to the Indo-Pacific,"A U.S. submarine recently sank an Iranian warship in one of the world&#8217;s busiest maritime corridors. Many overlooked the incident&#8217;s significance. Others misunderstood what had occurred.The sinking of the IRIS Dena in the Indian Ocean, roughly 40 nautical miles off Sri Lanka&#8217;s southern coast, was a graphic reminder of the brutality of war on the high seas. Footage of the ship&#8217;s stern exploding and images of Sri Lankan Navy personnel rescuing survivors quickly circulated onl",War on the Rocks,security,https://warontherocks.com/2026/03/a-torpedo-in-the-trade-lanes-naval-warfare-returns-to-the-indo-pacific/,"iran,india","military,trade",3a0673b66f69
2026-03-26,EV endgame: Stalling China’s export surge in Europe’s southern neighbourhood,Chinese electric vehicle brands are adapting to Western trade barriers by increasing their presence in the Middle East and North Africa. Europe’s response must go beyond merely closing the loopholes,ECFR,policy,https://ecfr.eu/publication/ev-endgame-stalling-chinas-export-surge-in-europes-southern-neighbourhood/,china,trade,a118915cdd01
2026-03-26,The Atlantic Council and John Templeton Foundation announce major new initiative promoting global entrepreneurship,"WASHINGTON, DC — MARCH&#160;26, 2026 — The Atlantic Council announced today a new five-year, $10 million grant from the John Templeton Foundation to establish the Entrepreneurship Policy Initiative (EPI). This transformative effort within the Atlantic Council’s Freedom and Prosperity Center will strengthen the policies that enable entrepreneurs as well as small and medium-sized enterprises (SMEs) [&#8230;]   The post  The Atlantic Council and John Templeton Foundation announce major new initiati",Atlantic Council,policy,https://www.atlanticcouncil.org/news/press-releases/the-atlantic-council-and-john-templeton-foundation-announce-major-new-initiative-promoting-global-entrepreneurship/,usa,,90288376610a
2026-03-26,10 Ukrainians Humbled Two NATO Battalions. When Will NATO Wake Up?,"Last May, NATO invited 10 Ukrainians to act as an opposing force during Hedgehog 2025, one of NATO&#8217;s largest exercises in the Baltics. The Ukrainians successfully simulated the destruction of 17 armored vehicles and conducted 30 strikes in half a day, effectively neutralizing two NATO battalions before dinner. One observing commander summed up the broader implication in three words: &#8220;We are finished.&#8221; Ominously, the exercise occurred without American forces.The Western debate o",War on the Rocks,security,https://warontherocks.com/2026/03/10-ukrainians-humbled-two-nato-battalions-when-will-nato-wake-up/,"ukraine,usa",,1be40e04f62b
2026-03-26,USS Gerald Ford limps out of hot war and into embarrassment. Why?,"A March 12 fire that injured 200 sailors is just the latest embarrassing incident in the history of the USS Gerald R. Ford. The vaunted aircraft carrier has become a case study demonstrating how such a program will fail when policymakers prioritize economic and political concerns over military effectiveness. Navy leaders pulled their premier ship   from the front lines   after the laundry room fire and sent it to the island of Crete, where it will undergo urgent repairs for at least a week.  Con",Responsible Statecraft,security,https://responsiblestatecraft.org/uss-gerald-ford/,,"military,economy",89d58ca31046
2026-03-26,"Squeezed between hostile powers, Turkey tries playing it cool","Turkey has been pushing hard for an end to the U.S.-Israeli war on Iran since the campaign began late last month.   In the weeks leading up to February 28, Turkey joined Gulf Cooperation Council (GCC) states in   lobbying   the Trump administration to settle issues with Tehran through diplomacy, not war. Turkish leaders accurately predicted that “limited” U.S. or Israeli strikes on Iran would lead to widespread fallout.  Now, with this escalating conflict having spread across countries from the",Responsible Statecraft,security,https://responsiblestatecraft.org/turkey-iran-war/,"china,usa,iran,israel,turkey",diplomacy,52adb5ae1318
2026-03-26,Republican Support for Trump’s Iran War Is Wobbling,"Lawmakers have concerns about cost, possible ground troops, and unclear objectives.",Foreign Policy,foreign_policy,https://foreignpolicy.com/2026/03/26/republican-support-trump-iran-war-congress-gop-funding-reconciliation-bill/,"usa,iran",military,b7a6b78534f7
2026-03-26,The EU–Australia FTA plays the long game on critical minerals with no short cuts,"Australia's minerals sector is world-class at extraction, but refining lags decades behind China – and no trade deal changes that overnight.",Lowy Institute,policy,https://www.lowyinstitute.org/the-interpreter/eu-australia-fta-plays-long-game-critical-minerals-no-short-cuts,china,trade,87486fa04260
2026-03-26,After Maduro: Latin America’s policy community reassesses the US-China balance,"The US capture of Maduro has significant implications for China’s position in the region. Although Venezuela has been a frustrating partner for China, Beijing has repeatedly stressed its commitment to the bilateral relationship.   The post  After Maduro: Latin America&#8217;s policy community reassesses the US-China balance  appeared first on  Atlantic Council .",Atlantic Council,policy,https://www.atlanticcouncil.org/in-depth-research-reports/issue-brief/after-maduro-latin-americas-policy-community-reassesses-the-us-china-balance/,"china,venezuela",,97478db04e56
2026-03-26,An Iran Exit Plan,There’s still time for a sensible compromise between Washington and Tehran.,Foreign Policy,foreign_policy,https://foreignpolicy.com/2026/03/26/trump-iran-putin-netanyahu-hormuz-oil-gas-cease-fire/,"china,usa,iran",,4ea7ffc2517b
2026-03-26,Europe’s far-right is divided on the Iran war — that’s an opportunity for the political centre,"The political centre can agree on almost nothing, while the far-right rallies behind a shared line: opposition to the mainstream, challenging elites, Brussels and the political establishment. Yet this unity unravels when the debate shifts from domestic grievances on migration and climate change denial to foreign policy.",ECFR,policy,https://ecfr.eu/article/europes-far-right-is-divided-on-the-iran-war-thats-an-opportunity-for-the-political-centre/,iran,"climate,migration",a9c54455a87b
2026-03-26,The Trump trap: Why Meloni’s referendum defeat is a warning for Europe,The Italian prime minister’s referendum defeat could reveal the price of allying with a US administration that goes against European interests,ECFR,policy,https://ecfr.eu/article/the-trump-trap-why-melonis-referendum-defeat-is-a-warning-for-europe/,usa,,b7c36175b1e2
2026-03-26,Will Trump Put Boots on the Ground in Iran?,Thousands more U.S. troops are heading to the Middle East.,Foreign Policy,foreign_policy,https://foreignpolicy.com/2026/03/26/trump-boots-on-ground-iran-us-troops-war-middle-east/,"usa,iran",military,40956c548c2d
2026-03-26,Only additional pressure can push Putin toward peace,"With the Kremlin ignoring calls for a compromise peace, the only way to advance negotiations is by putting more pressure on Putin. Failure to do so could have disastrous consequences that would be felt far beyond the borders of Ukraine, writes Kira Rudik.   The post  Only additional pressure can push Putin toward peace  appeared first on  Atlantic Council .",Atlantic Council,policy,https://www.atlanticcouncil.org/blogs/ukrainealert/only-additional-pressure-can-push-putin-toward-peace/,"russia,ukraine","diplomacy,migration",fb08d3d06074
2026-03-26,Drone superpower Ukraine is an ideal tech partner for the Gulf states,"Kyiv's decision to help defend the Gulf states against Iranian drones by deploying teams of Ukrainian specialists is highlighting the scope for broader tech sector cooperation between Ukraine and the region, writes Anatoly Motkin.   The post  Drone superpower Ukraine is an ideal tech partner for the Gulf states  appeared first on  Atlantic Council .",Atlantic Council,policy,https://www.atlanticcouncil.org/blogs/ukrainealert/drone-superpower-ukraine-is-an-ideal-tech-partner-for-the-gulf-states/,"russia,ukraine,iran",,7f0b970a26ac
2026-03-26,"As Iran attacks, the US should provide air defense for Iraqi Kurdistan","Washington faces a choice: Continue to defer to Baghdad’s procedural objections while Iran conducts unimpeded strikes on Kurdish territory or acknowledge the strategic reality and take decisive action.    The post  As Iran attacks, the US should provide air defense for Iraqi Kurdistan  appeared first on  Atlantic Council .",Atlantic Council,policy,https://www.atlanticcouncil.org/blogs/menasource/as-iran-attacks-the-us-should-provide-air-defense-for-iraqi-kurdistan/,"usa,iran,iraq",,74e9d68e83e7
2026-03-26,Middle East crude oil tanker rates reached a multi-decade high in March,"In March 2026, tanker rates for Very Large Crude Carriers (VLCCs) leaving the Middle East to Asia were the highest since at least November 2005, when data were first recorded. The price increase followed Iran's closure of the Strait of Hormuz on March 2.",EIA,energy,https://www.eia.gov/todayinenergy/detail.php?id=67386,iran,energy,5ca987e81d58
2026-03-26,How South Korea Can Bring Iron to the Strait of Hormuz,"Recent developments indicate that the United States has begun redeploying critical missile defense assets &#8212; including elements of the Terminal High Altitude Area Defense (THAAD) system and Patriot batteries &#8212; from South Korea to the Middle East. As Washington navigates an increasingly volatile global security landscape, the need for &#8220;strategic flexibility&#8221; is understandable. South Korea remains a committed partner in the Indo-Pacific and recognizes the gravity of the thre",War on the Rocks,security,https://warontherocks.com/2026/03/how-south-korea-can-bring-iron-to-the-strait-of-hormuz/,usa,military,2d72f2c43a60
2026-03-26,"G-7 Aims to Balance Addressing Russia-Ukraine, Iran Wars",U.S. allies worry that Washington will deprioritize Kyiv amid the Iran war.,Foreign Policy,foreign_policy,https://foreignpolicy.com/2026/03/26/g7-foreign-ministers-rubio-russia-ukraine-iran-wars-nato/,"russia,ukraine,usa,iran",,3a80cf38e84b
2026-03-26,What Iran’s attacks on Turkey reveal about NATO’s future,Turkey’s recent missile incidents reveal something important about NATO’s future and what the Alliance will need to do to maintain its credibility.     The post  What Iran’s attacks on Turkey reveal about NATO’s future  appeared first on  Atlantic Council .,Atlantic Council,policy,https://www.atlanticcouncil.org/blogs/turkeysource/what-irans-attacks-on-turkey-reveal-about-natos-future/,"iran,turkey","military,trade",ac5ebb2811f2
2026-03-26,Israeli settler terrorism demands a tougher US response,The United States should draw on a key counterterrorism tool: the designation of perpetrators as specially designated global terrorists.   The post  Israeli settler terrorism demands a tougher US response  appeared first on  Atlantic Council .,Atlantic Council,policy,https://www.atlanticcouncil.org/dispatches/israeli-settler-terrorism-demands-a-tougher-us-response/,"usa,israel",terrorism,f08bdf2b5467
2026-03-26,Kroenig published in The Wall Street Journal on rogue states,"On March 25, Atlantic Council vice president and Scowcroft Center senior director Matthew Kroenig was published in The Wall Street Journal on the Trump administration eliminating rogue states.   The post  Kroenig published in The Wall Street Journal on rogue states  appeared first on  Atlantic Council .",Atlantic Council,policy,https://www.atlanticcouncil.org/insight-impact/in-the-news/kroenig-published-in-the-wall-street-journal-on-rogue-state/,usa,,42bf7da5f1d7
2026-03-26,Beefing up partnerships: How the EU and Australia can give their trade deal strategic heft,The EU has concluded its third major trade deal of 2026. Its agreement with Australia reflects both sides’ desire for new partners amid Trumpian chaos and Chinese coercion. But now this partnership should go further,ECFR,policy,https://ecfr.eu/article/beefing-up-partnerships-how-the-eu-and-australia-can-give-their-trade-deal-strategic-heft/,"china,usa",trade,ec37b2eef5f3
2026-03-26,The Anthropic standoff reveals a larger crisis of trust over AI,Treating public skepticism as noise to be managed rather than a signal to be heeded risks causing rapid political polarization on artificial intelligence.   The post  The Anthropic standoff reveals a larger crisis of trust over AI  appeared first on  Atlantic Council .,Atlantic Council,policy,https://www.atlanticcouncil.org/dispatches/the-anthropic-standoff-reveals-a-larger-crisis-of-trust-over-ai/,iraq,terrorism,1e90866d5f25
2026-03-25,Finland moves to allow hosting of nuclear weapons in dangerous shift,"Finland is   moving   to lift its long-standing legal ban on hosting nuclear weapons within Finnish territory. On NATO’s sensitive frontier with Russia, this is a step in the wrong direction.  The U.S. should be the first country to object to this reckless shift.  On March 5, Helsinki published draft amendments to the Nuclear Energy Act and the Criminal Code that would allow nuclear weapons to be brought into or based on Finnish soil, despite widespread public   skepticism   toward the change.",Responsible Statecraft,security,https://responsiblestatecraft.org/finland-nuclear-weapons/,russia,"nuclear,energy",eac0b33e9809
2026-03-25,"From drones to rocket fuel, China and Russia are helping Iran through supply chains","The US will need to confront China and Russia about their support for the Iranian regime and their schemes to evade sanctions and export controls.   The post  From drones to rocket fuel, China and Russia are helping Iran through supply chains  appeared first on  Atlantic Council .",Atlantic Council,policy,https://www.atlanticcouncil.org/dispatches/from-drones-to-rocket-fuel-china-and-russia-are-helping-iran-through-supply-chains/,"russia,china,iran","sanctions,trade",cb9838c6020f
2026-03-25,Proxy Pressure on Iran: The Promise and Pitfalls of Arming the Kurds,"Early in the ongoing war against Iran, the Trump administration and its ally, Israel, believed they could foment a popular uprising to topple the Iranian regime. Part of that plan involved arming Kurdish fighters to infiltrate Iran from their locations in Iraq.The idea had intuitive logic. Kurdish fighters have built a reputation as capable battlefield partners of the U.S. military in recent years, particularly in the campaign against the Islamic State in Syria. Kurdish groups already maintain n",War on the Rocks,security,https://warontherocks.com/2026/03/proxy-pressure-on-iran-the-promise-and-pitfalls-of-arming-the-kurds/,"china,usa,iran,israel,syria,iraq",military,846ada7d6a81
2026-03-25,Follow the Money: Finance and the Future of Allied Economic Statecraft,"Editor&#8217;s note: This article is the fourth in an 11-part series examining how the United States should organize, lead, and integrate economic statecraft into strategy, defense practice, and the broader national security ecosystem. This special series is brought to you by the Potomac Institute for Policy Studies&#160;and&#160;War on the Rocks. Prior installments can be found at the&#160;War by Other Ledgers&#160;page.&#160;What if the real battlefield of great-power competition is the global",War on the Rocks,security,https://warontherocks.com/2026/03/follow-the-money-finance-and-the-future-of-allied-economic-statecraft/,usa,economy,6760f09a3a7a
2026-03-25,Five Wargames Every Force Design Process Needs,"In 2019, Gen. David Berger, the 38th commandant of the Marine Corps, issued his Commandant&#8217;s Planning Guidance, which announced the service&#8217;s force planning initiative to prepare for conflict in the modern era. Berger identified wargaming as critical to the Marine Corps&#8217; efforts and direction was issued to improve games in both quality and quantity. Twenty major wargames and several smaller games were executed in the first two years to support what became Force Design 2030. Thi",War on the Rocks,security,https://warontherocks.com/2026/03/five-wargames-every-force-design-process-needs/,china,,f84a925f1154
2026-03-25,Your Defense Code Is Already AI-Generated. Now What?,"Somewhere in a defense ministry, someone is drafting a policy on whether to permit AI-assisted software development in defense procurement. The sentiment is understandable, but the policy is unfortunately unenforceable because the code is already there.In April 2025, Microsoft Chief Executive Officer Satya Nadella told an audience that 20 to 30 percent of code in some Microsoft repositories is now AI-generated. The figure cannot be independently verified &#8212; as multiple analysts have observe",War on the Rocks,security,https://warontherocks.com/2026/03/your-defense-code-is-already-ai-generated-now-what/,,,4d2125fd5463
2026-03-25,Why Russia Is Losing the Sahel,Moscow’s missteps offer a warning—and an opening—for Washington.,Foreign Affairs,foreign_policy,https://www.foreignaffairs.com/russia/why-russia-losing-sahel,"russia,usa",,8e04125b53dc
2026-03-25,How Are Iran’s Partnerships with Belarus and Russia Holding Up During War?,"In 2025, Jack Roush wrote, &#8220;Russia&#8217;s War in Ukraine Has Brought Iran and Belarus Closer Together,&#8221; where he argued that a closer security partnership between Belarus and Iran could have devastating consequences for Ukraine. Now that Iran is involved in a war with the United States and Israel, we asked Jack to revisit his arguments.Image: khamenei.ir via&#160;Wikimedia CommonsIn your 2025 article, you argued that if the security partnership between Belarus and Iran deepens, it c",War on the Rocks,security,https://warontherocks.com/2026/03/how-are-irans-partnerships-with-belarus-and-russia-holding-up-during-war/,"russia,ukraine,usa,iran,israel",,542000940bbb
2026-03-25,"Amid the Hormuz crisis, an Iraq-Jordan-Egypt oil pipeline can no longer wait","Iraq is hemorrhaging oil revenue. Egypt is absorbing shocks on every front. The infrastructure that could have changed both equations has been forty years in the making. It still doesn’t exist.   The post  Amid the Hormuz crisis, an Iraq-Jordan-Egypt oil pipeline can no longer wait  appeared first on  Atlantic Council .",Atlantic Council,policy,https://www.atlanticcouncil.org/blogs/menasource/amid-the-hormuz-crisis-an-iraq-jordan-egypt-oil-pipeline-can-no-longer-wait/,iraq,"energy,terrorism",5aff3f8f89ce
2026-03-25,"Life of an Indonesian app driver: All rides, no rights",Indonesia’s app drivers are keeping cities moving but without basic labour protections.,Lowy Institute,policy,https://www.lowyinstitute.org/the-interpreter/life-indonesian-app-driver-all-rides-no-rights,,,0e7ab35b37d4
2026-03-25,Australia is running on empty – in more ways than one,Australia holds just 38 days of petrol reserves and still treats geographic distance as a substitute for genuine resilience.,Lowy Institute,policy,https://www.lowyinstitute.org/the-interpreter/australia-running-empty-more-ways-one,,,c50df184c71e
2026-03-25,"Trump, Xi, and the Specter of 1914",How America and China can avoid the blunders that led to World War I.,Foreign Affairs,foreign_policy,https://www.foreignaffairs.com/united-states/trump-xi-and-specter-1914,"china,usa",,92835a1dbdc3
2026-03-25,Gulf War I was a Pyrrhic victory that led to another avoidable war today,"This is a story of the unintended consequences of a Pyrrhic victory celebrated 35 years ago as a history-making triumph.   As the U.S. fights its latest war in the Persian Gulf — this time against Iran, the country that benefited most from Saddam Hussein’s demise — it’s a good moment to reflect on Operation Desert Storm. That intervention now appears to have been an avoidable war that set the United States on a disastrous course from which it has failed to extricate itself. What seemed like a cl",Responsible Statecraft,security,https://responsiblestatecraft.org/persian-gulf-war-iran/,"usa,iran",,e87c272a742b
2026-03-25,U.S. coke production and consumption have declined more than 75% since 1980,"The United States produced 10 million short tons (MMst) of coke used in steel manufacturing in 2025, a drop of 78% from 1980 when it produced 46 MMst, according to EIA's most recent Annual Coal Report and Quarterly Coal Report. Similarly, we estimate the United States consumed 9.3 MMst of coke in 2025 compared with 41 MMst in 1980, a decline of 77%, by annualizing the first three quarters of data from the most recent Quarterly Coal Report.",EIA,energy,https://www.eia.gov/todayinenergy/detail.php?id=67385,usa,,54f1b0307ee2
2026-03-25,Veterans warn US landing could be 'more Gallipoli than Vietnam',"As the Trump administration   mulls a ground deployment   in Iran, veterans fear a grueling, long-term campaign lies ahead — and that the U.S. military may be ill-prepared to sustain it.  First of all, ongoing preparations and deployments suggest the administration has prepared for the worst. As Virginia Burger, a Marine veteran and senior defense policy analyst at the Project on Government Oversight's Center for Defense Information, tells RS, two Marine Expeditionary Units (MEUs), rapid reactio",Responsible Statecraft,security,https://responsiblestatecraft.org/veterans-iran/,"usa,iran",military,3dd7c44c8331
2026-03-25,Making Housing Affordable: Q&amp;A with Jason Ward,"Jason Ward directs the RAND Housing Center. He discusses findings from his recent research, why housing has become so unaffordable, and ways to address the housing crisis.",RAND,policy,https://www.rand.org/pubs/commentary/2026/03/making-housing-affordable-qa-with-jason-ward.html,iraq,terrorism,52228190c6d8
2026-03-25,"After the revolution, Nepal’s foreign policy is anyone’s guess","A historic election result, an inexperienced new government, and a region in flux.",Lowy Institute,policy,https://www.lowyinstitute.org/the-interpreter/after-revolution-nepal-s-foreign-policy-anyone-s-guess,,elections,670b3337bf23
2026-03-25,The Myth of Authoritarian Stability in the Middle East,A pliant autocracy in Iran won’t solve America’s problems in the region.,Foreign Affairs,foreign_policy,https://www.foreignaffairs.com/iran/myth-authoritarian-stability-middle-east,iran,,36e9b03fcbaa
2026-03-25,How ISIS and its affiliates might capitalize on the Iran war,ISIS is poised to exploit the ongoing regional instability in the Middle East and US policymakers must closely monitor the threats it poses.   The post  How ISIS and its affiliates might capitalize on the Iran war  appeared first on  Atlantic Council .,Atlantic Council,policy,https://www.atlanticcouncil.org/dispatches/how-isis-and-its-affiliates-might-capitalize-on-the-iran-war/,"iran,iraq",terrorism,7e0f359eff70
